{
  "schemaVersion": 1,
  "title": "Java Case Study 04 - Subscription billing adjustments",
  "description": "Business Domain: Subscription Billing\n\nObjective:\n- Apply prorated credits and cap adjustments\n\nFunctional Requirements:\n- Accept structured input payload\n- Validate policy constraints and required fields\n- Return deterministic decision object\n\nAcceptance Criteria:\n- Valid payload produces expected decision\n- Invalid payload returns actionable error reason\n- Edge cases are handled without runtime failure\n\nCase Study Notes:\n- Scenario: billing_adjustment\n- Include policy + risk-based decisioning\n- Preserve explainable output for auditing",
  "category": "backend",
  "difficulty": "medium",
  "testFramework": "junit",
  "points": 150,
  "timeEstimate": 45,
  "skills": [
    "java",
    "Testing and Quality",
    "medium"
  ],
  "tags": [
    "java",
    "medium",
    "testing-and-quality",
    "curriculum"
  ],
  "starterCode": {
    "files": [
      {
        "path": "src/Main.java",
        "source": "starter/src/Main.java",
        "language": "java"
      }
    ]
  },
  "solution": {
    "files": [
      {
        "path": "src/Main.java",
        "source": "solution/src/Main.java",
        "language": "java"
      }
    ]
  },
  "testCases": [
    {
      "id": "tc_001",
      "name": "Business Rule 1",
      "description": "Subscription Billing: approved",
      "file": "src/test/java/Rule1Test.java",
      "testName": "rule_1",
      "testCode": "Map<String,Object> in = new HashMap<>(); in.put(\"amount\", 250); in.put(\"requiredComplete\", true); in.put(\"duplicate\", false); in.put(\"riskScore\", 15); Map<String,Object> out = Evaluator.evaluateCase(in); org.junit.jupiter.api.Assertions.assertEquals(true, out.get(\"approved\"));",
      "points": 30,
      "visible": true,
      "category": "case_study_rules"
    },
    {
      "id": "tc_002",
      "name": "Business Rule 2",
      "description": "Subscription Billing: over limit",
      "file": "src/test/java/Rule2Test.java",
      "testName": "rule_2",
      "testCode": "Map<String,Object> in = new HashMap<>(); in.put(\"amount\", 1600); in.put(\"requiredComplete\", true); in.put(\"duplicate\", false); in.put(\"riskScore\", 10); Map<String,Object> out = Evaluator.evaluateCase(in); org.junit.jupiter.api.Assertions.assertEquals(\"POLICY_LIMIT_EXCEEDED\", out.get(\"reason\"));",
      "points": 30,
      "visible": true,
      "category": "case_study_rules"
    },
    {
      "id": "tc_003",
      "name": "Business Rule 3",
      "description": "Subscription Billing: duplicate",
      "file": "src/test/java/Rule3Test.java",
      "testName": "rule_3",
      "testCode": "Map<String,Object> in = new HashMap<>(); in.put(\"amount\", 100); in.put(\"requiredComplete\", true); in.put(\"duplicate\", true); in.put(\"riskScore\", 5); Map<String,Object> out = Evaluator.evaluateCase(in); org.junit.jupiter.api.Assertions.assertEquals(\"DUPLICATE_SUBMISSION\", out.get(\"reason\"));",
      "points": 30,
      "visible": true,
      "category": "case_study_rules"
    },
    {
      "id": "tc_004",
      "name": "Business Rule 4",
      "description": "Subscription Billing: missing",
      "file": "src/test/java/Rule4Test.java",
      "testName": "rule_4",
      "testCode": "Map<String,Object> in = new HashMap<>(); in.put(\"amount\", 100); in.put(\"requiredComplete\", false); in.put(\"duplicate\", false); in.put(\"riskScore\", 5); Map<String,Object> out = Evaluator.evaluateCase(in); org.junit.jupiter.api.Assertions.assertEquals(\"MISSING_REQUIRED_FIELDS\", out.get(\"reason\"));",
      "points": 30,
      "visible": true,
      "category": "case_study_rules"
    },
    {
      "id": "tc_005",
      "name": "Business Rule 5",
      "description": "Subscription Billing: risk",
      "file": "src/test/java/Rule5Test.java",
      "testName": "rule_5",
      "testCode": "Map<String,Object> in = new HashMap<>(); in.put(\"amount\", 100); in.put(\"requiredComplete\", true); in.put(\"duplicate\", false); in.put(\"riskScore\", 90); Map<String,Object> out = Evaluator.evaluateCase(in); org.junit.jupiter.api.Assertions.assertEquals(\"MANUAL_REVIEW_REQUIRED\", out.get(\"reason\"));",
      "points": 30,
      "visible": true,
      "category": "case_study_rules"
    }
  ]
}