{
  "schemaVersion": 1,
  "title": "Python Case Study 03 - Inventory reorder and audit checks",
  "description": "Business Domain: Warehouse Ops\n\nObjective:\n- Trigger reorder and audit flags with risk checks\n\nFunctional Requirements:\n- Accept structured input payload\n- Validate policy constraints and required fields\n- Return deterministic decision object\n\nAcceptance Criteria:\n- Valid payload produces expected decision\n- Invalid payload returns actionable error reason\n- Edge cases are handled without runtime failure\n\nCase Study Notes:\n- Scenario: inventory_audit\n- Include policy + risk-based decisioning\n- Preserve explainable output for auditing",
  "category": "backend",
  "difficulty": "hard",
  "testFramework": "pytest",
  "points": 200,
  "timeEstimate": 60,
  "skills": [
    "python",
    "Performance and Robustness",
    "hard"
  ],
  "tags": [
    "python",
    "hard",
    "performance-and-robustness",
    "curriculum"
  ],
  "starterCode": {
    "files": [
      {
        "path": "solution.py",
        "source": "starter/solution.py",
        "language": "python"
      }
    ]
  },
  "solution": {
    "files": [
      {
        "path": "solution.py",
        "source": "solution/solution.py",
        "language": "python"
      }
    ]
  },
  "testCases": [
    {
      "id": "tc_001",
      "name": "Business Rule 1",
      "description": "Warehouse Ops: approved",
      "file": "tests/test_1.py",
      "testName": "rule_1",
      "testCode": "result = evaluateCase({\"amount\": 250, \"requiredComplete\": True, \"duplicate\": False, \"riskScore\": 15}); assert result[\"approved\"] is True",
      "points": 33,
      "visible": true,
      "category": "case_study_rules"
    },
    {
      "id": "tc_002",
      "name": "Business Rule 2",
      "description": "Warehouse Ops: over limit",
      "file": "tests/test_2.py",
      "testName": "rule_2",
      "testCode": "result = evaluateCase({\"amount\": 2100, \"requiredComplete\": True, \"duplicate\": False, \"riskScore\": 10}); assert result[\"reason\"] == \"POLICY_LIMIT_EXCEEDED\"",
      "points": 33,
      "visible": true,
      "category": "case_study_rules"
    },
    {
      "id": "tc_003",
      "name": "Business Rule 3",
      "description": "Warehouse Ops: duplicate",
      "file": "tests/test_3.py",
      "testName": "rule_3",
      "testCode": "result = evaluateCase({\"amount\": 100, \"requiredComplete\": True, \"duplicate\": True, \"riskScore\": 5}); assert result[\"reason\"] == \"DUPLICATE_SUBMISSION\"",
      "points": 33,
      "visible": true,
      "category": "case_study_rules"
    },
    {
      "id": "tc_004",
      "name": "Business Rule 4",
      "description": "Warehouse Ops: missing",
      "file": "tests/test_4.py",
      "testName": "rule_4",
      "testCode": "result = evaluateCase({\"amount\": 100, \"requiredComplete\": False, \"duplicate\": False, \"riskScore\": 5}); assert result[\"reason\"] == \"MISSING_REQUIRED_FIELDS\"",
      "points": 33,
      "visible": true,
      "category": "case_study_rules"
    },
    {
      "id": "tc_005",
      "name": "Business Rule 5",
      "description": "Warehouse Ops: risk",
      "file": "tests/test_5.py",
      "testName": "rule_5",
      "testCode": "result = evaluateCase({\"amount\": 100, \"requiredComplete\": True, \"duplicate\": False, \"riskScore\": 90}); assert result[\"reason\"] == \"MANUAL_REVIEW_REQUIRED\"",
      "points": 33,
      "visible": true,
      "category": "case_study_rules"
    },
    {
      "id": "tc_006",
      "name": "Business Rule 6",
      "description": "Warehouse Ops: risk",
      "file": "tests/test_6.py",
      "testName": "rule_6",
      "testCode": "result = evaluateCase({\"amount\": 100, \"requiredComplete\": True, \"duplicate\": False, \"riskScore\": 90}); assert result[\"reason\"] == \"MANUAL_REVIEW_REQUIRED\"",
      "points": 33,
      "visible": true,
      "category": "case_study_rules"
    }
  ]
}