{
  "schemaVersion": 1,
  "title": "Python Core Syntax and Data Handling Exercise 07",
  "description": "Business Domain: Logistics\n\nObjective:\n- Tag shipment as delayed when ETA breached\n\nFunctional Requirements:\n- Accept structured input payload\n- Validate policy constraints and required fields\n- Return deterministic decision object\n\nAcceptance Criteria:\n- Valid payload produces expected decision\n- Invalid payload returns actionable error reason\n- Edge cases are handled without runtime failure",
  "category": "backend",
  "difficulty": "easy",
  "testFramework": "pytest",
  "points": 100,
  "timeEstimate": 30,
  "skills": [
    "python",
    "Core Syntax and Data Handling",
    "easy"
  ],
  "tags": [
    "python",
    "easy",
    "core-syntax-and-data-handling",
    "curriculum"
  ],
  "starterCode": {
    "files": [
      {
        "path": "solution.py",
        "source": "starter/solution.py",
        "language": "python"
      }
    ]
  },
  "solution": {
    "files": [
      {
        "path": "solution.py",
        "source": "solution/solution.py",
        "language": "python"
      }
    ]
  },
  "testCases": [
    {
      "id": "tc_001",
      "name": "Business Rule 1",
      "description": "Logistics: approved",
      "file": "tests/test_1.py",
      "testName": "rule_1",
      "testCode": "result = evaluateCase({\"amount\": 250, \"requiredComplete\": True, \"duplicate\": False, \"riskScore\": 15}); assert result[\"approved\"] is True",
      "points": 25,
      "visible": true,
      "category": "core_rules"
    },
    {
      "id": "tc_002",
      "name": "Business Rule 2",
      "description": "Logistics: over limit",
      "file": "tests/test_2.py",
      "testName": "rule_2",
      "testCode": "result = evaluateCase({\"amount\": 1100, \"requiredComplete\": True, \"duplicate\": False, \"riskScore\": 10}); assert result[\"reason\"] == \"POLICY_LIMIT_EXCEEDED\"",
      "points": 25,
      "visible": true,
      "category": "core_rules"
    },
    {
      "id": "tc_003",
      "name": "Business Rule 3",
      "description": "Logistics: duplicate",
      "file": "tests/test_3.py",
      "testName": "rule_3",
      "testCode": "result = evaluateCase({\"amount\": 100, \"requiredComplete\": True, \"duplicate\": True, \"riskScore\": 5}); assert result[\"reason\"] == \"DUPLICATE_SUBMISSION\"",
      "points": 25,
      "visible": true,
      "category": "core_rules"
    },
    {
      "id": "tc_004",
      "name": "Business Rule 4",
      "description": "Logistics: missing",
      "file": "tests/test_4.py",
      "testName": "rule_4",
      "testCode": "result = evaluateCase({\"amount\": 100, \"requiredComplete\": False, \"duplicate\": False, \"riskScore\": 5}); assert result[\"reason\"] == \"MISSING_REQUIRED_FIELDS\"",
      "points": 25,
      "visible": true,
      "category": "core_rules"
    }
  ]
}