{
  "schemaVersion": 1,
  "title": "React Case Study 08 - Inventory reorder and audit checks",
  "description": "Business Domain: Product Operations\n\nObjective:\n- undefined\n\nFunctional Requirements:\n- Accept structured input payload\n- Validate policy constraints and required fields\n- Return deterministic decision object\n\nAcceptance Criteria:\n- Valid payload produces expected decision\n- Invalid payload returns actionable error reason\n- Edge cases are handled without runtime failure\n\nCase Study Notes:\n- Scenario: visitor_desk_ui\n- Include policy + risk-based decisioning\n- Preserve explainable output for auditing",
  "category": "frontend",
  "difficulty": "medium",
  "testFramework": "playwright",
  "points": 150,
  "timeEstimate": 45,
  "skills": [
    "react",
    "Core Syntax and Data Handling",
    "medium"
  ],
  "tags": [
    "react",
    "medium",
    "core-syntax-and-data-handling",
    "curriculum"
  ],
  "starterCode": {
    "files": [
      {
        "path": "src/App.jsx",
        "source": "starter/src/App.jsx",
        "language": "javascript"
      }
    ]
  },
  "solution": {
    "files": [
      {
        "path": "src/App.jsx",
        "source": "solution/src/App.jsx",
        "language": "javascript"
      }
    ]
  },
  "testCases": [
    {
      "id": "tc_001",
      "name": "UI Check 1",
      "description": "Verifies heading for Visitor Check-In Desk",
      "file": "tests/ui_1.spec.js",
      "testName": "ui_check_1",
      "testCode": "await page.goto('http://127.0.0.1:4173'); await expect(page.getByRole('heading', { name: /Visitor Check-In Desk/i })).toBeVisible();",
      "points": 30,
      "visible": true,
      "category": "ui_flow"
    },
    {
      "id": "tc_002",
      "name": "UI Check 2",
      "description": "Verifies form for Visitor Check-In Desk",
      "file": "tests/ui_2.spec.js",
      "testName": "ui_check_2",
      "testCode": "await page.goto('http://127.0.0.1:4173'); await expect(page.getByRole('form', { name: /submission form/i })).toBeVisible(); await expect(page.getByRole('button', { name: /Create/i })).toBeVisible();",
      "points": 30,
      "visible": true,
      "category": "ui_flow"
    },
    {
      "id": "tc_003",
      "name": "UI Check 3",
      "description": "Verifies labels for Visitor Check-In Desk",
      "file": "tests/ui_3.spec.js",
      "testName": "ui_check_3",
      "testCode": "await page.goto('http://127.0.0.1:4173'); await expect(page.getByLabel('Name')).toBeVisible(); await expect(page.getByLabel('Email')).toBeVisible();",
      "points": 30,
      "visible": true,
      "category": "ui_flow"
    },
    {
      "id": "tc_004",
      "name": "UI Check 4",
      "description": "Verifies list for Visitor Check-In Desk",
      "file": "tests/ui_4.spec.js",
      "testName": "ui_check_4",
      "testCode": "await page.goto('http://127.0.0.1:4173'); await expect(page.getByRole('heading', { name: /Recent/i })).toBeVisible();",
      "points": 30,
      "visible": true,
      "category": "ui_flow"
    },
    {
      "id": "tc_005",
      "name": "UI Check 5",
      "description": "Verifies stability for Visitor Check-In Desk",
      "file": "tests/ui_5.spec.js",
      "testName": "ui_check_5",
      "testCode": "await page.goto('http://127.0.0.1:4173'); await expect(page).toHaveTitle(/.+/);",
      "points": 30,
      "visible": true,
      "category": "ui_flow"
    }
  ]
}