{
  "schemaVersion": 1,
  "title": "Angular Performance and Robustness Exercise 08",
  "description": "Business Domain: Product Operations\n\nObjective:\n- undefined\n\nFunctional Requirements:\n- Accept structured input payload\n- Validate policy constraints and required fields\n- Return deterministic decision object\n\nAcceptance Criteria:\n- Valid payload produces expected decision\n- Invalid payload returns actionable error reason\n- Edge cases are handled without runtime failure",
  "category": "frontend",
  "difficulty": "easy",
  "testFramework": "playwright",
  "points": 100,
  "timeEstimate": 30,
  "skills": [
    "angular",
    "Performance and Robustness",
    "easy"
  ],
  "tags": [
    "angular",
    "easy",
    "performance-and-robustness",
    "curriculum"
  ],
  "starterCode": {
    "files": [
      {
        "path": "src/app/app.component.ts",
        "source": "starter/src/app/app.component.ts",
        "language": "javascript"
      }
    ]
  },
  "solution": {
    "files": [
      {
        "path": "src/app/app.component.ts",
        "source": "solution/src/app/app.component.ts",
        "language": "javascript"
      }
    ]
  },
  "testCases": [
    {
      "id": "tc_001",
      "name": "UI Check 1",
      "description": "Verifies heading for Visitor Check-In Desk",
      "file": "tests/ui_1.spec.js",
      "testName": "ui_check_1",
      "testCode": "await page.goto('http://127.0.0.1:4173'); await expect(page.getByRole('heading', { name: /Visitor Check-In Desk/i })).toBeVisible();",
      "points": 25,
      "visible": true,
      "category": "ui_flow"
    },
    {
      "id": "tc_002",
      "name": "UI Check 2",
      "description": "Verifies form for Visitor Check-In Desk",
      "file": "tests/ui_2.spec.js",
      "testName": "ui_check_2",
      "testCode": "await page.goto('http://127.0.0.1:4173'); await expect(page.getByRole('form', { name: /submission form/i })).toBeVisible(); await expect(page.getByRole('button', { name: /Create/i })).toBeVisible();",
      "points": 25,
      "visible": true,
      "category": "ui_flow"
    },
    {
      "id": "tc_003",
      "name": "UI Check 3",
      "description": "Verifies labels for Visitor Check-In Desk",
      "file": "tests/ui_3.spec.js",
      "testName": "ui_check_3",
      "testCode": "await page.goto('http://127.0.0.1:4173'); await expect(page.getByLabel('Name')).toBeVisible(); await expect(page.getByLabel('Email')).toBeVisible();",
      "points": 25,
      "visible": true,
      "category": "ui_flow"
    },
    {
      "id": "tc_004",
      "name": "UI Check 4",
      "description": "Verifies list for Visitor Check-In Desk",
      "file": "tests/ui_4.spec.js",
      "testName": "ui_check_4",
      "testCode": "await page.goto('http://127.0.0.1:4173'); await expect(page.getByRole('heading', { name: /Recent/i })).toBeVisible();",
      "points": 25,
      "visible": true,
      "category": "ui_flow"
    }
  ]
}