{
  "schemaVersion": 1,
  "title": "Javascript Functions Classes and Architecture Exercise 02",
  "description": "Business Domain: Support Ops\n\nObjective:\n- Map ticket severity to priority bucket\n\nFunctional Requirements:\n- Accept structured input payload\n- Validate policy constraints and required fields\n- Return deterministic decision object\n\nAcceptance Criteria:\n- Valid payload produces expected decision\n- Invalid payload returns actionable error reason\n- Edge cases are handled without runtime failure",
  "category": "backend",
  "difficulty": "easy",
  "testFramework": "jest",
  "points": 100,
  "timeEstimate": 30,
  "skills": [
    "javascript",
    "Functions Classes and Architecture",
    "easy"
  ],
  "tags": [
    "javascript",
    "easy",
    "functions-classes-and-architecture",
    "curriculum"
  ],
  "starterCode": {
    "files": [
      {
        "path": "solution.js",
        "source": "starter/solution.js",
        "language": "javascript"
      }
    ]
  },
  "solution": {
    "files": [
      {
        "path": "solution.js",
        "source": "solution/solution.js",
        "language": "javascript"
      }
    ]
  },
  "testCases": [
    {
      "id": "tc_001",
      "name": "Business Rule 1",
      "description": "Support Ops: approved",
      "file": "tests/rule_1.spec.js",
      "testName": "rule_1",
      "testCode": "const out = evaluateCase({ amount: 250, requiredComplete: true, duplicate: false, riskScore: 15 }); expect(out.approved).toBe(true);",
      "points": 25,
      "visible": true,
      "category": "core_rules"
    },
    {
      "id": "tc_002",
      "name": "Business Rule 2",
      "description": "Support Ops: over limit",
      "file": "tests/rule_2.spec.js",
      "testName": "rule_2",
      "testCode": "const out = evaluateCase({ amount: 1100, requiredComplete: true, duplicate: false, riskScore: 10 }); expect(out.reason).toBe('POLICY_LIMIT_EXCEEDED');",
      "points": 25,
      "visible": true,
      "category": "core_rules"
    },
    {
      "id": "tc_003",
      "name": "Business Rule 3",
      "description": "Support Ops: duplicate",
      "file": "tests/rule_3.spec.js",
      "testName": "rule_3",
      "testCode": "const out = evaluateCase({ amount: 100, requiredComplete: true, duplicate: true, riskScore: 5 }); expect(out.reason).toBe('DUPLICATE_SUBMISSION');",
      "points": 25,
      "visible": true,
      "category": "core_rules"
    },
    {
      "id": "tc_004",
      "name": "Business Rule 4",
      "description": "Support Ops: missing",
      "file": "tests/rule_4.spec.js",
      "testName": "rule_4",
      "testCode": "const out = evaluateCase({ amount: 100, requiredComplete: false, duplicate: false, riskScore: 5 }); expect(out.reason).toBe('MISSING_REQUIRED_FIELDS');",
      "points": 25,
      "visible": true,
      "category": "core_rules"
    }
  ]
}