{
  "schemaVersion": 1,
  "title": "Javascript Case Study 05 - Visitor desk approval compliance",
  "description": "Business Domain: Facility Security\n\nObjective:\n- Validate visit requests against access policy\n\nFunctional Requirements:\n- Accept structured input payload\n- Validate policy constraints and required fields\n- Return deterministic decision object\n\nAcceptance Criteria:\n- Valid payload produces expected decision\n- Invalid payload returns actionable error reason\n- Edge cases are handled without runtime failure\n\nCase Study Notes:\n- Scenario: visitor_compliance\n- Include policy + risk-based decisioning\n- Preserve explainable output for auditing",
  "category": "backend",
  "difficulty": "medium",
  "testFramework": "jest",
  "points": 150,
  "timeEstimate": 45,
  "skills": [
    "javascript",
    "Performance and Robustness",
    "medium"
  ],
  "tags": [
    "javascript",
    "medium",
    "performance-and-robustness",
    "curriculum"
  ],
  "starterCode": {
    "files": [
      {
        "path": "solution.js",
        "source": "starter/solution.js",
        "language": "javascript"
      }
    ]
  },
  "solution": {
    "files": [
      {
        "path": "solution.js",
        "source": "solution/solution.js",
        "language": "javascript"
      }
    ]
  },
  "testCases": [
    {
      "id": "tc_001",
      "name": "Business Rule 1",
      "description": "Facility Security: approved",
      "file": "tests/rule_1.spec.js",
      "testName": "rule_1",
      "testCode": "const out = evaluateCase({ amount: 250, requiredComplete: true, duplicate: false, riskScore: 15 }); expect(out.approved).toBe(true);",
      "points": 30,
      "visible": true,
      "category": "case_study_rules"
    },
    {
      "id": "tc_002",
      "name": "Business Rule 2",
      "description": "Facility Security: over limit",
      "file": "tests/rule_2.spec.js",
      "testName": "rule_2",
      "testCode": "const out = evaluateCase({ amount: 1600, requiredComplete: true, duplicate: false, riskScore: 10 }); expect(out.reason).toBe('POLICY_LIMIT_EXCEEDED');",
      "points": 30,
      "visible": true,
      "category": "case_study_rules"
    },
    {
      "id": "tc_003",
      "name": "Business Rule 3",
      "description": "Facility Security: duplicate",
      "file": "tests/rule_3.spec.js",
      "testName": "rule_3",
      "testCode": "const out = evaluateCase({ amount: 100, requiredComplete: true, duplicate: true, riskScore: 5 }); expect(out.reason).toBe('DUPLICATE_SUBMISSION');",
      "points": 30,
      "visible": true,
      "category": "case_study_rules"
    },
    {
      "id": "tc_004",
      "name": "Business Rule 4",
      "description": "Facility Security: missing",
      "file": "tests/rule_4.spec.js",
      "testName": "rule_4",
      "testCode": "const out = evaluateCase({ amount: 100, requiredComplete: false, duplicate: false, riskScore: 5 }); expect(out.reason).toBe('MISSING_REQUIRED_FIELDS');",
      "points": 30,
      "visible": true,
      "category": "case_study_rules"
    },
    {
      "id": "tc_005",
      "name": "Business Rule 5",
      "description": "Facility Security: risk",
      "file": "tests/rule_5.spec.js",
      "testName": "rule_5",
      "testCode": "const out = evaluateCase({ amount: 100, requiredComplete: true, duplicate: false, riskScore: 90 }); expect(out.reason).toBe('MANUAL_REVIEW_REQUIRED');",
      "points": 30,
      "visible": true,
      "category": "case_study_rules"
    }
  ]
}