{
  "schemaVersion": 1,
  "title": "Java Validation and Error Handling Exercise 04",
  "description": "Business Domain: Inventory\n\nObjective:\n- Flag reorder when stock below threshold\n\nFunctional Requirements:\n- Accept structured input payload\n- Validate policy constraints and required fields\n- Return deterministic decision object\n\nAcceptance Criteria:\n- Valid payload produces expected decision\n- Invalid payload returns actionable error reason\n- Edge cases are handled without runtime failure",
  "category": "backend",
  "difficulty": "easy",
  "testFramework": "junit",
  "points": 100,
  "timeEstimate": 30,
  "skills": [
    "java",
    "Validation and Error Handling",
    "easy"
  ],
  "tags": [
    "java",
    "easy",
    "validation-and-error-handling",
    "curriculum"
  ],
  "starterCode": {
    "files": [
      {
        "path": "src/Main.java",
        "source": "starter/src/Main.java",
        "language": "java"
      }
    ]
  },
  "solution": {
    "files": [
      {
        "path": "src/Main.java",
        "source": "solution/src/Main.java",
        "language": "java"
      }
    ]
  },
  "testCases": [
    {
      "id": "tc_001",
      "name": "Business Rule 1",
      "description": "Inventory: approved",
      "file": "src/test/java/Rule1Test.java",
      "testName": "rule_1",
      "testCode": "Map<String,Object> in = new HashMap<>(); in.put(\"amount\", 250); in.put(\"requiredComplete\", true); in.put(\"duplicate\", false); in.put(\"riskScore\", 15); Map<String,Object> out = Evaluator.evaluateCase(in); org.junit.jupiter.api.Assertions.assertEquals(true, out.get(\"approved\"));",
      "points": 25,
      "visible": true,
      "category": "core_rules"
    },
    {
      "id": "tc_002",
      "name": "Business Rule 2",
      "description": "Inventory: over limit",
      "file": "src/test/java/Rule2Test.java",
      "testName": "rule_2",
      "testCode": "Map<String,Object> in = new HashMap<>(); in.put(\"amount\", 1100); in.put(\"requiredComplete\", true); in.put(\"duplicate\", false); in.put(\"riskScore\", 10); Map<String,Object> out = Evaluator.evaluateCase(in); org.junit.jupiter.api.Assertions.assertEquals(\"POLICY_LIMIT_EXCEEDED\", out.get(\"reason\"));",
      "points": 25,
      "visible": true,
      "category": "core_rules"
    },
    {
      "id": "tc_003",
      "name": "Business Rule 3",
      "description": "Inventory: duplicate",
      "file": "src/test/java/Rule3Test.java",
      "testName": "rule_3",
      "testCode": "Map<String,Object> in = new HashMap<>(); in.put(\"amount\", 100); in.put(\"requiredComplete\", true); in.put(\"duplicate\", true); in.put(\"riskScore\", 5); Map<String,Object> out = Evaluator.evaluateCase(in); org.junit.jupiter.api.Assertions.assertEquals(\"DUPLICATE_SUBMISSION\", out.get(\"reason\"));",
      "points": 25,
      "visible": true,
      "category": "core_rules"
    },
    {
      "id": "tc_004",
      "name": "Business Rule 4",
      "description": "Inventory: missing",
      "file": "src/test/java/Rule4Test.java",
      "testName": "rule_4",
      "testCode": "Map<String,Object> in = new HashMap<>(); in.put(\"amount\", 100); in.put(\"requiredComplete\", false); in.put(\"duplicate\", false); in.put(\"riskScore\", 5); Map<String,Object> out = Evaluator.evaluateCase(in); org.junit.jupiter.api.Assertions.assertEquals(\"MISSING_REQUIRED_FIELDS\", out.get(\"reason\"));",
      "points": 25,
      "visible": true,
      "category": "core_rules"
    }
  ]
}