{
  "schemaVersion": 1,
  "title": "Java Case Study 03 - Inventory reorder and audit checks",
  "description": "Business Domain: Warehouse Ops\n\nObjective:\n- Trigger reorder and audit flags with risk checks\n\nFunctional Requirements:\n- Accept structured input payload\n- Validate policy constraints and required fields\n- Return deterministic decision object\n\nAcceptance Criteria:\n- Valid payload produces expected decision\n- Invalid payload returns actionable error reason\n- Edge cases are handled without runtime failure\n\nCase Study Notes:\n- Scenario: inventory_audit\n- Include policy + risk-based decisioning\n- Preserve explainable output for auditing",
  "category": "backend",
  "difficulty": "hard",
  "testFramework": "junit",
  "points": 200,
  "timeEstimate": 60,
  "skills": [
    "java",
    "Performance and Robustness",
    "hard"
  ],
  "tags": [
    "java",
    "hard",
    "performance-and-robustness",
    "curriculum"
  ],
  "starterCode": {
    "files": [
      {
        "path": "src/Main.java",
        "source": "starter/src/Main.java",
        "language": "java"
      }
    ]
  },
  "solution": {
    "files": [
      {
        "path": "src/Main.java",
        "source": "solution/src/Main.java",
        "language": "java"
      }
    ]
  },
  "testCases": [
    {
      "id": "tc_001",
      "name": "Business Rule 1",
      "description": "Warehouse Ops: approved",
      "file": "src/test/java/Rule1Test.java",
      "testName": "rule_1",
      "testCode": "Map<String,Object> in = new HashMap<>(); in.put(\"amount\", 250); in.put(\"requiredComplete\", true); in.put(\"duplicate\", false); in.put(\"riskScore\", 15); Map<String,Object> out = Evaluator.evaluateCase(in); org.junit.jupiter.api.Assertions.assertEquals(true, out.get(\"approved\"));",
      "points": 33,
      "visible": true,
      "category": "case_study_rules"
    },
    {
      "id": "tc_002",
      "name": "Business Rule 2",
      "description": "Warehouse Ops: over limit",
      "file": "src/test/java/Rule2Test.java",
      "testName": "rule_2",
      "testCode": "Map<String,Object> in = new HashMap<>(); in.put(\"amount\", 2100); in.put(\"requiredComplete\", true); in.put(\"duplicate\", false); in.put(\"riskScore\", 10); Map<String,Object> out = Evaluator.evaluateCase(in); org.junit.jupiter.api.Assertions.assertEquals(\"POLICY_LIMIT_EXCEEDED\", out.get(\"reason\"));",
      "points": 33,
      "visible": true,
      "category": "case_study_rules"
    },
    {
      "id": "tc_003",
      "name": "Business Rule 3",
      "description": "Warehouse Ops: duplicate",
      "file": "src/test/java/Rule3Test.java",
      "testName": "rule_3",
      "testCode": "Map<String,Object> in = new HashMap<>(); in.put(\"amount\", 100); in.put(\"requiredComplete\", true); in.put(\"duplicate\", true); in.put(\"riskScore\", 5); Map<String,Object> out = Evaluator.evaluateCase(in); org.junit.jupiter.api.Assertions.assertEquals(\"DUPLICATE_SUBMISSION\", out.get(\"reason\"));",
      "points": 33,
      "visible": true,
      "category": "case_study_rules"
    },
    {
      "id": "tc_004",
      "name": "Business Rule 4",
      "description": "Warehouse Ops: missing",
      "file": "src/test/java/Rule4Test.java",
      "testName": "rule_4",
      "testCode": "Map<String,Object> in = new HashMap<>(); in.put(\"amount\", 100); in.put(\"requiredComplete\", false); in.put(\"duplicate\", false); in.put(\"riskScore\", 5); Map<String,Object> out = Evaluator.evaluateCase(in); org.junit.jupiter.api.Assertions.assertEquals(\"MISSING_REQUIRED_FIELDS\", out.get(\"reason\"));",
      "points": 33,
      "visible": true,
      "category": "case_study_rules"
    },
    {
      "id": "tc_005",
      "name": "Business Rule 5",
      "description": "Warehouse Ops: risk",
      "file": "src/test/java/Rule5Test.java",
      "testName": "rule_5",
      "testCode": "Map<String,Object> in = new HashMap<>(); in.put(\"amount\", 100); in.put(\"requiredComplete\", true); in.put(\"duplicate\", false); in.put(\"riskScore\", 90); Map<String,Object> out = Evaluator.evaluateCase(in); org.junit.jupiter.api.Assertions.assertEquals(\"MANUAL_REVIEW_REQUIRED\", out.get(\"reason\"));",
      "points": 33,
      "visible": true,
      "category": "case_study_rules"
    },
    {
      "id": "tc_006",
      "name": "Business Rule 6",
      "description": "Warehouse Ops: risk",
      "file": "src/test/java/Rule6Test.java",
      "testName": "rule_6",
      "testCode": "Map<String,Object> in = new HashMap<>(); in.put(\"amount\", 100); in.put(\"requiredComplete\", true); in.put(\"duplicate\", false); in.put(\"riskScore\", 90); Map<String,Object> out = Evaluator.evaluateCase(in); org.junit.jupiter.api.Assertions.assertEquals(\"MANUAL_REVIEW_REQUIRED\", out.get(\"reason\"));",
      "points": 33,
      "visible": true,
      "category": "case_study_rules"
    }
  ]
}